epoch,train_loss,val_loss,val_perplexity,learning_rate,epoch_time_sec,cumulative_time,avg_time_per_epoch,loss_improvement,ppl_improvement
1,0.5255842729683237,0.5180510137400356,1.678752593477236,0.0002713525491562423,56.17310333251953,56.17310333251953,56.17310333251953,,
2,0.4948098012371087,0.5099464036537679,1.6652019438142134,0.00019635254915624232,56.78067970275879,112.95378303527832,56.47689151763916,-0.008104610086267727,-0.013550649663022662
3,0.49119042977795224,0.5129723301325035,1.6702483536505086,0.00010364745084375856,57.35270977020264,170.30649280548096,56.76883093516032,0.0030259264787356743,0.005046409836295229
4,0.4896345222649986,0.5138770302299945,1.6717601112393972,2.8647450843758057e-05,57.19222950935364,227.4987223148346,56.87468057870865,0.0009047000974909958,0.0015117575888885515
5,0.48891262816654146,0.5116499472830609,1.6680411056084596,0.0,57.409128189086914,284.9078505039215,56.9815701007843,-0.002227082946933634,-0.003719005630937522
